kbd_id,support_id,title,status,current_category(旧),current_ai(旧),current_category(新),recommended_leaf(旧),recommended_leaf(新),confidence,needs_review,note,reason
2,43487,【HCI】目标集群两主机虚拟存储不支持冷迁移，导致跨集群冷迁移失败,published,虚拟机-L2-虚拟机集群内或跨集群迁移失败,虚拟机-L2-虚拟机集群内或跨集群迁移失败,虚拟机-066,虚拟机-020,虚拟机-020,1.00,False,,标题明确包含“跨集群冷迁移失败”，且问题描述指出因目标集群存储配置不支持导致该操作失败，完全匹配。
3,29351,【HCI-LMT】虚拟机热迁移失败提示源机和目标机cpu型号不一致,published,虚拟机-L2-虚拟机集群内或跨集群迁移失败,虚拟机-L2-虚拟机集群内或跨集群迁移失败,虚拟机-066,虚拟机-016,虚拟机-016,0.95,False,,案例标题明确为'虚拟机热迁移失败'，且描述中涉及HCI超融合环境下的源机与目标机CPU型号不一致导致迁移中断。在HCI架构中，默认情况下虚拟机数据位于共享虚拟存储上，热迁移通常发生在同一存储池内的不同主机之间，因此'同存储'的热迁移失败是最直接的匹配分类。
12,23821,【HCI】690虚拟机迁移存储位置，一直卡在9%,draft,,虚拟机-L2-虚拟机集群内或跨集群迁移失败,,虚拟机-015,虚拟机-015,0.95,False,,案例标题明确提到“虚拟机迁移存储位置”，问题描述指出任务卡在9%，属于典型的跨存储迁移过程异常。虽然未明确说明是热迁移还是冷迁移，但通常涉及存储位置变更的在线操作归类为跨存储迁移失败。
13,25140,【HCI】开机跨集群迁移卡4%,draft,,虚拟机-L2-虚拟机集群内或跨集群迁移失败,,虚拟机-017,虚拟机-017,0.95,False,,标题明确提到“开机跨集群迁移”，描述指出“跨集群热迁移”任务卡住，完全匹配该分类。
14,16330,【HCI-VT】后台修改虚拟机跨存储迁移速率,draft,,虚拟机-L2-002,,虚拟机-015,虚拟机-015,0.95,False,,案例标题明确提到“跨存储迁移”，问题描述涉及“集群内跨存储迁移”及速率调整。虽然当前是咨询如何修改速率，但在故障分类体系中，此类与特定迁移场景强相关的操作通常归类于该场景对应的迁移类别。在提供的列表中，没有专门的“迁移配置/性能调优”分类，因此选择最接近的“跨存储迁移”相关分类。
103,37180,"【HCI-LMT】迁移中止，失败原因：同步磁盘数据失败“集群内同步基镜像失败”,错误码 0x1900006c  0x010039DE",draft,,虚拟机-L2-虚拟机集群内或跨集群迁移失败,,虚拟机-016,虚拟机-016,0.95,False,,标题明确为“迁移中止”，描述提及“集群内同步基镜像失败”，符合集群内热迁移场景。
116,30884,【HCI-LMT】跨集群迁移虚拟机失败，报错“迁移失败，失败原因：操作已中断！可能是网络异常或不稳定导致，请稍后重试”，错误码：0x010051E,draft,,虚拟机-L2-虚拟机集群内或跨集群迁移失败,,虚拟机-017,虚拟机-017,0.95,False,,标题明确提及“跨集群迁移”，且报错为网络异常导致的中断，符合跨集群热迁移失败的典型特征。
120,33882,【HCI-LMT】跨集群迁移失败报错，服务器出错，无法完成请求（HTTP错误），请稍后重试,published,虚拟机-L2-虚拟机集群内或跨集群迁移失败,虚拟机-L2-虚拟机集群内或跨集群迁移失败,虚拟机-066,虚拟机-017,虚拟机-017,0.95,False,,标题明确提及'跨集群迁移失败'，描述中涉及跨集群迁移向导报错，完全匹配该分类。
121,34094,【HCI-LMT】迁移虚拟机报错主机（）不在线，错误码0x01001920,draft,,虚拟机-L2-虚拟机集群内或跨集群迁移失败,,虚拟机-018,虚拟机-018,0.95,False,,问题描述明确指出是'冷迁移虚拟机'且报错失败，标题包含'迁移虚拟机报错'。虽然未明确说明是否跨存储，但冷迁移通常涉及存储位置变更或主机变更，此分类最匹配核心操作'冷迁移失败'。
123,34220,【HCI-LMT】跨集群迁移虚拟机失败，同步虚拟磁盘数据失败，跨集群同步基镜像失败，错误码0x010039DE,draft,,虚拟机-L2-虚拟机集群内或跨集群迁移失败,,虚拟机-017,虚拟机-017,0.95,False,,标题明确为“跨集群迁移虚拟机失败”，且描述涉及同步基镜像，符合跨集群迁移场景。
187,15702,【aCloud】虚拟机跨集群迁移失败,published,虚拟机-L2-虚拟机集群内或跨集群迁移失败,虚拟机-L2-虚拟机集群内或跨集群迁移失败,虚拟机-066,虚拟机-017,虚拟机-017,0.95,False,,标题明确为'虚拟机跨集群迁移失败'，描述中提及'目标集群运行环境校验阶段失败'，通常指在线/热迁移过程中的检查步骤。
212,15890,【aCloud】第三方硬件硬盘识别,draft,,硬件-L3-硬盘离线或不识别,,硬件-020,硬件-020,0.95,False,,问题描述明确指出硬盘在主机后台无法识别且HCI存储页面无法发现，属于典型的物理硬盘离线或不识别故障。
213,15896,【aCloud】第三方服务器查看磁盘所在服务器的盘位,draft,,硬件-L3-硬盘离线或不识别,,硬件-020,硬件-020,0.95,False,,问题描述明确指出'硬盘在主机后台执行 lsblk 无法识别'以及'HCI 存储页面无法发现磁盘'，且涉及'新插入硬盘未被 RAID 卡配置激活'或'已在用磁盘突然掉线'。这完全符合硬件层面硬盘离线或不识别的特征。虽然标题提到'查看盘位'，但核心故障现象是磁盘不可见/不识别。
226,15940,【HCI】虚拟机集群内迁移运行位置提示主机不存在,draft,,虚拟机-L2-虚拟机集群内或跨集群迁移失败,,虚拟机-016,虚拟机-016,0.95,False,,标题明确提到“虚拟机集群内迁移”，问题描述中故障发生在执行“集群内迁移动作”时，且错误提示涉及远程虚拟机启动失败及主机不存在，符合集群内热迁移失败的典型特征。
238,15986,【HCI】跨集群迁移失败提示‘同步虚拟磁盘数据失败，无法创建虚拟机镜像’,published,虚拟机-L2-虚拟机集群内或跨集群迁移失败,虚拟机-L2-虚拟机集群内或跨集群迁移失败,虚拟机-066,虚拟机-017,虚拟机-017,0.95,False,,案例标题明确为“跨集群迁移失败”，问题描述中行为为“跨集群迁移虚拟机”，且报错发生在迁移过程中的数据同步阶段，完全匹配该分类。
242,15998,【HCI】SUSE跨集群迁移后无法进入系统,draft,,虚拟机-L3-002,,虚拟机-021,虚拟机-021,0.85,False,,标题明确提及'跨集群迁移'，问题描述指出故障发生在'跨集群迁移后'。虽然分类标签特指VMware纳管，但在HCI故障体系中，涉及迁移操作导致的系统启动异常通常归类于迁移相关故障。由于列表中无通用的'跨集群迁移失败'细分项，此为最接近的迁移类分类。
246,16018,【HCI】跨集群迁移失败：检查目标集群运行环境失败,published,虚拟机-L2-虚拟机集群内或跨集群迁移失败,虚拟机-L2-虚拟机集群内或跨集群迁移失败,虚拟机-066,虚拟机-017,虚拟机-017,0.95,False,,标题明确提及'跨集群迁移失败'，描述中故障发生在执行跨集群虚拟机迁移时，且提示'检查目标集群运行环境失败'，属于典型的跨集群迁移流程中的校验失败。
253,16038,【HCI】虚拟机跨集群迁移失败,published,虚拟机-L2-虚拟机集群内或跨集群迁移失败,虚拟机-L2-虚拟机集群内或跨集群迁移失败,虚拟机-066,虚拟机-017,虚拟机-017,0.95,False,,标题明确为“跨集群迁移失败”，描述中涉及VS到FC存储迁移，符合跨集群/跨存储迁移场景。
276,16188,【HCI】主机间加密类型不一致导致迁移失败,draft,,虚拟机-L2-虚拟机集群内或跨集群迁移失败,,虚拟机-016,虚拟机-016,0.95,False,,案例明确描述为'集群内虚拟机执行迁移时任务失败'，且故障原因为主机间SSH连接问题导致迁移中止。在HCI超融合架构中，集群内迁移通常涉及共享存储或本地存储的数据同步，属于典型的集群内热迁移场景。虽然未明确说明是否跨存储，但'集群内'是核心限定词，故优先匹配集群内热迁移分类。
285,16212,【HCI】跨集群迁移提示：远程主机和本系统不兼容,published,虚拟机-L2-虚拟机集群内或跨集群迁移失败,虚拟机-L2-虚拟机集群内或跨集群迁移失败,虚拟机-066,虚拟机-017,虚拟机-017,0.95,False,,案例标题明确提到“跨集群迁移”，问题描述指出在迁移向导步骤中因目标集群SSH通信不兼容导致操作失败，属于典型的跨集群迁移功能异常。
286,16218,【HCI】开机跨集群迁移失败：同步虚拟磁盘数据失败,published,虚拟机-L2-虚拟机集群内或跨集群迁移失败,虚拟机-L2-虚拟机集群内或跨集群迁移失败,虚拟机-066,虚拟机-017,虚拟机-017,0.95,False,,案例标题明确为“开机跨集群迁移失败”，问题描述指出在“开机状态下”执行“跨集群迁移”时失败。在HCI中，开机状态下的迁移即为热迁移（Live Migration）。虽然报错涉及磁盘同步，但根本故障现象是跨集群热迁移操作失败，因此最匹配的分类是虚拟机跨集群热迁移失败。
293,16239,【HCI】跨集群迁移虚拟机：兼容性处理报错,published,虚拟机-L2-虚拟机集群内或跨集群迁移失败,虚拟机-L2-虚拟机集群内或跨集群迁移失败,虚拟机-066,虚拟机-017,虚拟机-017,0.95,False,,标题明确提及“跨集群迁移”，描述中任务显示“失败”，尽管报错在兼容性处理阶段，但整体迁移任务状态为失败，最匹配跨集群迁移失败分类。
295,16249,【HCI】虚拟机跨集群迁移失败，进行虚拟机兼容性处理时出现问题,published,虚拟机-L2-虚拟机集群内或跨集群迁移失败,虚拟机-L2-虚拟机集群内或跨集群迁移失败,虚拟机-066,虚拟机-017,虚拟机-017,0.95,False,,标题明确提到“虚拟机跨集群迁移失败”，问题描述指出迁移任务显示失败且涉及兼容性处理，完全匹配该分类定义。
317,16352,【HCI-VT】跨集群迁移虚拟机失败案例分析,published,虚拟机-L2-虚拟机集群内或跨集群迁移失败,虚拟机-L2-虚拟机集群内或跨集群迁移失败,虚拟机-066,虚拟机-017,虚拟机-017,0.98,False,,标题明确提到“跨集群迁移”，问题描述中详细指出故障涉及“虚拟机跨集群热迁移功能”，且错误信息为“迁移失败”，完全匹配该分类定义。
318,16355,【HCI-VT】大磁盘虚拟机跨存储迁移失败，提示“虚拟机磁盘切换失败”,draft,,虚拟机-L2-虚拟机集群内或跨集群迁移失败,,虚拟机-015,虚拟机-015,0.98,False,,标题明确提及“跨存储迁移失败”，描述中确认为执行跨存储迁移任务时失败，完全匹配该分类定义。
324,16398,【HCI】跨集群迁移虚拟机失败提示操作已中断,published,虚拟机-L2-虚拟机集群内或跨集群迁移失败,虚拟机-L2-虚拟机集群内或跨集群迁移失败,虚拟机-066,虚拟机-017,虚拟机-017,0.95,False,,标题明确提及“跨集群迁移”，描述中涉及qemu进程加载，符合热迁移特征。
328,16408,【HCI】跨级群迁移虚拟机报获取远端主机ssh失败，但是后台SSH到远程主机是可以的,draft,,虚拟机-L2-虚拟机集群内或跨集群迁移失败,,虚拟机-017,虚拟机-017,0.95,False,,标题明确提到“跨级群迁移”（即跨集群迁移），问题描述指出在迁移过程中因SSH鉴权失败导致迁移中断，完全匹配跨集群热迁移失败分类。
339,16466,【HCI】跨集群迁移失败之同步虚拟磁盘数据失败,published,虚拟机-L2-虚拟机集群内或跨集群迁移失败,虚拟机-L2-虚拟机集群内或跨集群迁移失败,虚拟机-066,虚拟机-020,虚拟机-020,0.98,False,,标题核心关键词为“跨集群迁移失败”。问题描述明确指出操作场景为“执行虚机关机跨集群迁移”，即冷迁移（VM is powered off during migration）。故障现象为“同步虚拟磁盘数据失败”，这是冷迁移过程中典型的数据复制阶段错误。因此，该分类与案例完全匹配。
343,16486,【HCI】热迁移运行位置卡在94%一直切不过去,draft,,虚拟机-L2-虚拟机集群内或跨集群迁移失败,,虚拟机-015,虚拟机-015,0.95,False,,案例描述明确提到“同集群跨主机热迁移”且进度卡在94%无法完成，属于典型的集群内热迁移失败场景。虽然HCI超融合通常共享存储，但分类列表中“虚拟机集群内热迁移失败（跨存储）”与“虚拟机集群内热迁移失败（同存储）”均涵盖集群内迁移，鉴于卡住现象常伴随数据同步或状态切换问题，此分类最为匹配。
350,16560,【HCI-VT】跨集群迁移报错，报错信息 malformed JSON string,published,虚拟机-L2-虚拟机集群内或跨集群迁移失败,虚拟机-L2-虚拟机集群内或跨集群迁移失败,虚拟机-066,虚拟机-017,虚拟机-017,0.95,False,,案例标题明确为“跨集群迁移报错”，问题描述中执行的是“迁移虚拟机到其他集群”操作，且在输入目的集群信息后报错，属于典型的跨集群迁移流程失败。
351,16589,【HCI】主机离线，迁移该主机上的gpu虚拟机，提示“GPU虚拟机不支持热迁移”,draft,,虚拟机-L2-虚拟机集群内或跨集群迁移失败,,虚拟机-014,虚拟机-014,0.95,False,,案例核心问题是主机离线后尝试对GPU虚拟机进行迁移操作失败，提示不支持热迁移。这属于虚拟机迁移模块的功能限制或执行失败场景。虽然具体是热迁移还是冷迁移未完全明确，但归类于“虚拟机迁移”大类下的具体失败项最为准确。在提供的列表中，虚拟机-014至-020均涉及迁移失败，其中-014为通用SCMT迁移失败，常作为此类非特定存储/集群边界迁移问题的首选分类；若严格区分热/冷，可能对应-015/-016等
359,16632,【HCI】虚拟机热迁移失败,draft,,虚拟机-L2-虚拟机集群内或跨集群迁移失败,,虚拟机-015,虚拟机-015,0.95,False,,标题明确为'虚拟机热迁移失败'，描述指出'集群内跨主机执行热迁移时失败'。虽然描述提到网络配置问题，但核心故障现象是热迁移失败。在HCI中，跨主机热迁移通常涉及共享存储或特定网络要求，若未明确提及同存储/跨存储，且存在网络干扰导致的中断，归类于热迁移失败最准确。考虑到描述中未明确区分是否跨存储，但'跨主机'隐含了可能的存储路径变化或网络依赖，虚拟机-015和016均为候选。通常'跨主机'若无特别说
436,17085,【HCI】跨集群迁移失败之操作已中断,draft,,虚拟机-L2-虚拟机集群内或跨集群迁移失败,,虚拟机-017,虚拟机-017,0.98,False,,标题明确包含“跨集群迁移失败”，问题描述指出是在“开机状态下”执行“在线跨集群迁移”，这属于热迁移范畴。该分类精确匹配故障场景。
456,17168,【HCI-VT】修改虚拟机跨存储迁移速率,draft,,虚拟机-L2-002,,虚拟机-015,虚拟机-015,0.85,False,,案例核心涉及“虚拟机”、“跨存储迁移”及“开机时触发迁移”。虽然标题为修改速率，但问题本质是跨存储热迁移过程中的性能/配置限制。在现有分类中，这是最贴近“跨存储迁移”场景的分类。
493,17389,【HCI】Linux虚拟机重启网络服务失败,draft,虚拟机-L3-004,虚拟机-043,虚拟机-070,虚拟机-049,虚拟机-049,0.85,False,,故障表现为Linux内部网络服务启动失败，导致网络不可用，属于虚拟机内部网络异常。
531,17679,【HCI-VT】部署vGPU授权服务器后，能ping通但是浏览器无法访问,draft,,虚拟机-L3-004,,虚拟机-043,虚拟机-043,0.85,False,,案例描述为vGPU授权服务器部署后，网络连通性正常（ping通），但Web服务无法访问。这通常指向虚拟机操作系统内部的应用程序配置、防火墙策略或服务状态问题，属于虚拟机内部软件层面的故障，而非HCI平台底层组件或硬件故障。
576,18701,【HCI】操作日志显示取消中， 无法结束,draft,,虚拟机-L2-虚拟机集群内或跨集群迁移失败,,虚拟机-017,虚拟机-017,0.95,False,,问题描述明确指出是在执行“跨集群迁移虚拟机”任务时出现异常，且任务无法结束/取消，属于迁移流程中的故障。虽然现象是卡住，但根本业务场景是跨集群迁移失败。
608,18944,【HCI-VT】zookeeper重连导致虚拟机网络异常,draft,,虚拟机-047,,虚拟机-015,虚拟机-015,0.85,False,,问题描述明确指出故障发生在“虚拟机迁移过程中”，且导致“网络通信中断”。在HCI超融合架构中，虚拟机的在线迁移（热迁移）严重依赖Zookeeper进行状态同步和协调。Zookeeper重连异常通常会导致迁移任务卡住、失败或引发网络配置下发错误，进而造成虚拟机网络中断。虽然标题未直接写“迁移失败”，但现象是迁移过程中的副作用，归类于迁移相关故障最为准确。
625,19081,【KB:330519081】迁移虚拟机运行位置失败，错误码显示0x01000AFB/0x010017E5/0x01000C77/0x01000AD8,published,虚拟机-L2-虚拟机集群内或跨集群迁移失败,虚拟机-L2-虚拟机集群内或跨集群迁移失败,虚拟机-066,虚拟机-016,虚拟机-016,0.95,False,,标题明确为“迁移...失败”，描述涉及在线迁移及网络异常，符合热迁移失败特征。
645,19209,【HCI】跨集群热迁移失败,published,虚拟机-L2-虚拟机集群内或跨集群迁移失败,虚拟机-L2-虚拟机集群内或跨集群迁移失败,虚拟机-066,虚拟机-017,虚拟机-017,0.98,False,,标题明确为'跨集群热迁移失败'，问题描述涉及跨集群迁移任务在数据传输阶段失败，完全匹配该分类定义。
646,19211,【HCI-VT】主机进入单主机维护模式失败，虚拟机迁移中断获取镜像信息失败,published,虚拟机-L2-虚拟机集群内或跨集群迁移失败,虚拟机-L2-虚拟机集群内或跨集群迁移失败,虚拟机-066,虚拟机-016,虚拟机-016,0.95,False,,案例核心故障为“主机进入单主机维护模式”时触发的“虚拟机迁移中断/失败”。在HCI超融合架构中，单主机维护通常涉及将虚拟机从该主机热迁移至集群内其他主机。由于是同一集群内的虚拟存储环境，且未提及跨存储或跨集群操作，故最匹配“虚拟机集群内热迁移失败（同存储）”。报错“获取镜像信息失败”是迁移过程中的具体错误原因，不影响对主故障现象（迁移失败）的分类。
648,19222,【HCI-VN】迁移虚拟机提示获取网口统计失败,published,虚拟机-L2-虚拟机集群内或跨集群迁移失败,虚拟机-L2-虚拟机集群内或跨集群迁移失败,虚拟机-066,虚拟机-015,虚拟机-015,0.95,False,,描述明确为迁移任务失败，错误涉及网口统计，通常发生在跨存储或复杂网络环境的迁移中。
654,19271,【HCI】680版本跨集群迁移失败，提示获取远程主机ssh端口状态失败,draft,,虚拟机-L2-虚拟机集群内或跨集群迁移失败,,虚拟机-017,虚拟机-017,0.95,False,,标题明确提及'跨集群迁移失败'，描述中涉及SSH端口状态获取失败导致迁移中断，完全匹配该分类。
655,19273,【HCI-VT】虚拟机热迁移失败提示源机和目标机cpu型号不一致,draft,,虚拟机-L2-虚拟机集群内或跨集群迁移失败,,虚拟机-016,虚拟机-016,0.95,False,,标题明确为'虚拟机热迁移失败'，且描述中涉及HCI超融合环境下的源/目标主机CPU兼容性检查失败，属于典型的集群内热迁移故障。
665,19351,【KB:330519351】跨集群迁移失败并提示“迁移基镜像失败，对端集群基镜像数据库异常”,draft,,虚拟机-L2-虚拟机集群内或跨集群迁移失败,,虚拟机-017,虚拟机-017,0.95,False,,标题明确为“跨集群迁移失败”，描述涉及同步虚拟磁盘数据阶段报错，符合跨集群热迁移场景。
670,19377,【HCI-VT】走存储口双交换机聚合模式万兆网口出现迁移失败,draft,,虚拟机-L2-虚拟机集群内或跨集群迁移失败,,虚拟机-016,虚拟机-016,0.95,False,,标题明确提及“迁移失败”，描述中确认为“虚拟机热迁移”且涉及“存储口”，符合HCI超融合架构下基于共享虚拟存储的热迁移场景。
671,19389,【HCI-VT】在SCP上纳管跨集群迁移虚拟机，源主机出现登录失败操作日志，登录ip为存储口ip,published,虚拟机-L2-虚拟机集群内或跨集群迁移失败,虚拟机-L2-虚拟机集群内或跨集群迁移失败,虚拟机-066,虚拟机-017,虚拟机-017,0.95,False,,案例标题明确提到“纳管跨集群迁移虚拟机”，问题描述指出在SCP上执行该操作时源主机出现异常日志，核心故障场景为跨集群迁移过程中的逻辑错误（登录校验/网口速率获取），最匹配跨集群迁移失败的分类。
674,19404,windows虚拟机使用virtio网卡在特定场景下迁移后会出现无法卸载网卡,draft,,虚拟机-L2-虚拟机集群内或跨集群迁移失败,,虚拟机-021,虚拟机-021,0.85,False,,标题核心为“迁移后”出现异常，属于虚拟机迁移场景。虽分类名含VMware，但作为迁移类故障最接近候选。
696,23862,【HCI-VT】跨集群迁移失败，失败原因：迁移已经完成，但是在进行虚拟机兼容性处理时出现问题,published,虚拟机-L2-虚拟机集群内或跨集群迁移失败,虚拟机-L2-虚拟机集群内或跨集群迁移失败,虚拟机-066,虚拟机-017,虚拟机-017,0.95,False,,案例标题明确为“跨集群迁移失败”，描述中提到“执行跨集群迁移虚拟机后...任务详情显示失败”。虽然未显式标注“热”迁移，但HCI中跨集群迁移通常默认为在线/热迁移场景，且故障发生在迁移流程的兼容性处理阶段，属于典型的跨集群迁移失败。
697,24006,【HCI-VN】虚拟机跨集群迁移失败，提示创建网卡设备失败，已存在同名网口,published,虚拟机-L2-虚拟机集群内或跨集群迁移失败,虚拟机-L2-虚拟机集群内或跨集群迁移失败,虚拟机-066,虚拟机-017,虚拟机-017,0.95,False,,标题明确为'虚拟机跨集群迁移失败'，描述中提及'目标集群创建网卡设备阶段失败'，属于跨集群迁移过程中的网络资源冲突导致迁移中止。
722,25893,【HCI】UOS系统跨集群迁移后内部获取不到IP地址,published,虚拟机-047,虚拟机-L2-010,虚拟机-047,虚拟机-017,虚拟机-017,0.95,False,,案例明确描述为“跨集群迁移后”出现异常，属于跨集群迁移场景。虽然虚拟机已开机，但迁移后的网络配置未正确同步导致IP获取失败，归类于迁移相关故障最为准确。
732,26359,【KB:330526359】集群控制台密码含特殊字符导致跨集群迁移虚拟机失败,draft,,虚拟机-L2-虚拟机集群内或跨集群迁移失败,,虚拟机-017,虚拟机-017,0.95,False,,案例标题明确提到“跨集群迁移虚拟机失败”，问题描述中任务状态为“失败”且涉及“同步虚拟磁盘数据”，符合跨集群热迁移失败的典型特征。虽然标题提及密码特殊字符，但这通常是导致认证或通信失败进而引发迁移中断的原因，核心故障现象仍归类于迁移失败。
735,26495,【HCI】691ARM环境，虚拟机迁移运行位置报错迁移中止，失败原因:执行命令失败!错误信息:返回值: 1 错误码0x010039DE,published,虚拟机-L2-虚拟机集群内或跨集群迁移失败,虚拟机-L2-虚拟机集群内或跨集群迁移失败,虚拟机-066,虚拟机-016,虚拟机-016,0.95,False,,案例标题和描述明确指出是'虚拟机迁移运行位置报错'、'迁移中止'，且发生在'HCI...ARM集群中执行虚拟机集群内或跨集群迁移时'。错误码0x010039DE通常关联于迁移过程中的命令执行失败。在HCI环境中，若无特殊说明跨存储，默认优先匹配同存储的热迁移失败场景，这是最常见的迁移故障类型。
751,26940,【HCI-VT】HCI680R1同版本跨集群迁移，获取远程主机IP掩码失败,published,虚拟机-L2-虚拟机集群内或跨集群迁移失败,虚拟机-L2-虚拟机集群内或跨集群迁移失败,虚拟机-066,虚拟机-017,虚拟机-017,0.95,False,,案例标题明确提到“同版本跨集群迁移”，问题描述指出在迁移向导中因获取远程主机IP掩码失败导致流程中断，属于典型的跨集群迁移失败场景。
755,26977,【HCI-VT】虚拟机存储满，导致虚拟机跨集群迁移虚拟机失败,published,虚拟机-L2-虚拟机集群内或跨集群迁移失败,虚拟机-L2-虚拟机集群内或跨集群迁移失败,虚拟机-066,虚拟机-017,虚拟机-017,0.95,False,,标题明确提到“虚拟机跨集群迁移...失败”，问题描述指出故障发生在“执行虚拟机跨集群迁移时，迁移任务中止”。虽然根本原因是存储满，但直接表现的故障现象是跨集群迁移操作失败，因此最匹配的分类是虚拟机跨集群热迁移失败。
762,27080,【HCI-VT】跨集群迁移虚拟机失败，同步虚拟机磁盘数据失败：跨集群执行命令失败，请检查密码是否正确或网络是否连通。ssh报错Permission denied,published,虚拟机-L2-虚拟机集群内或跨集群迁移失败,虚拟机-L2-虚拟机集群内或跨集群迁移失败,虚拟机-066,虚拟机-017,虚拟机-017,0.95,False,,案例标题明确描述为“跨集群迁移虚拟机失败”，且问题发生在执行迁移任务的过程中。虽然未显式标注“热”迁移，但HCI中跨集群迁移通常默认为在线/热迁移场景，且错误涉及磁盘数据同步和SSH连接，符合跨集群迁移失败的典型特征。
778,27352,迁移虚拟机失败，同步虚拟磁盘数据失败：基镜像所有副本均不可用,draft,,虚拟机-L2-虚拟机集群内或跨集群迁移失败,,虚拟机-015,虚拟机-015,0.95,False,,案例标题明确为“迁移虚拟机失败”，问题描述指出在“同步虚拟磁盘数据阶段中止”，且错误信息涉及“基镜像所有副本均不可用”。这通常发生在跨主机或跨存储的热迁移过程中，因为源端存储数据不可读导致无法同步。虽然未明确说是跨存储，但HCI中迁移失败常归类于此或同存储迁移。考虑到“同步虚拟磁盘数据”是迁移的核心步骤，且涉及底层存储副本状态，此分类最匹配业务场景。
792,27625,【HCI】英伟达授权服务器配置IP地址提示“Error:unknown connection ''. ”,draft,,虚拟机-047,,虚拟机-043,虚拟机-043,0.95,False,,问题描述明确指出是在“英伟达授权服务器虚拟机内部”执行脚本配置IP时返回报错，属于虚拟机操作系统内部软件/工具运行异常，而非HCI平台层面的网络配置或硬件故障。
793,27681,【SCP镜像分发】全量派生的虚拟机迁移时报错查询基镜像失败,unpublishable,,虚拟机-L2-虚拟机集群内或跨集群迁移失败,,虚拟机-017,虚拟机-017,0.95,False,,问题描述明确指出在“SCP镜像分发”场景下，由模板派生的虚拟机执行“跨集群迁移”时报错。虽然报错内容是查询基镜像失败，但故障发生的直接操作是跨集群迁移，且该错误导致迁移流程中断，符合跨集群热迁移失败的分类定义。
800,27806,批量跨存储冷迁移虚拟机，配置迁移位置页面卡住，显示“正在加载，请稍后”,draft,,虚拟机-L2-虚拟机集群内或跨集群迁移失败,,虚拟机-018,虚拟机-018,0.95,False,,案例标题明确提到“批量跨存储冷迁移”，且问题描述为配置页面卡住导致迁移无法进行，属于典型的冷迁移失败场景。分类路径完全匹配：虚拟机 > 虚拟机迁移 > 虚拟机集群内或跨集群迁移失败 > 虚拟机集群内冷迁移失败（跨存储）。
814,27935,【HCI-LMT】迁移虚拟机报错，服务不可用，可能由于系统繁忙导致，请刷新页面重试。如果问题一直持续，请联系系统管理员或及时支持处理,draft,,虚拟机-L2-虚拟机集群内或跨集群迁移失败,,虚拟机-016,虚拟机-016,0.95,False,,标题明确为“迁移虚拟机报错”，描述中提及migrate_config接口400错误，属于典型的虚拟机迁移失败场景。
823,28008,【HCI-VT】跨集群迁移失败，失败原因：检查目标集群运行环境失败，无法解析参数,published,虚拟机-L2-虚拟机集群内或跨集群迁移失败,虚拟机-L2-虚拟机集群内或跨集群迁移失败,虚拟机-066,虚拟机-017,虚拟机-017,0.95,False,,标题明确为“跨集群迁移失败”，描述中提及“执行虚拟机跨集群迁移时...校验阶段失败”，完全匹配该分类。
827,28026,【HCI-LMT】跨集群迁移虚拟机失败，同步虚拟磁盘数据失败，跨集群同步基镜像失败，错误码0x010039DE ，错误码0x19000040,draft,,虚拟机-L2-虚拟机集群内或跨集群迁移失败,,虚拟机-017,虚拟机-017,0.95,False,,标题明确提及'跨集群迁移虚拟机失败'，且描述中包含同步基镜像等典型热迁移步骤错误，完全匹配该分类。
847,28413,【HCI-LMT】批量跨集群迁移虚拟机，报错“目的集群不支持虚拟机的vCPU型号（Haswell-noTSX），请选择其它vCPU型号后重试”,published,虚拟机-L2-虚拟机集群内或跨集群迁移失败,虚拟机-L2-虚拟机集群内或跨集群迁移失败,虚拟机-066,虚拟机-017,虚拟机-017,0.95,False,,标题明确提到“批量跨集群迁移虚拟机”且报错导致迁移失败，完全匹配该分类定义。
877,29347,【HCI-LMT】跨集群迁移虚拟机，提示获取目的端架构信息失败,published,虚拟机-L2-虚拟机集群内或跨集群迁移失败,虚拟机-L2-虚拟机集群内或跨集群迁移失败,虚拟机-066,虚拟机-017,虚拟机-017,0.95,False,,标题明确提及'跨集群迁移虚拟机'且报错，直接匹配跨集群迁移失败分类。
912,30105,【HCI-VT】HCI680集群主机扩容了一台主机，虚拟机迁移运行位置却无法选择新主机,draft,,虚拟机-L2-虚拟机集群内或跨集群迁移失败,,平台-002,平台-002,0.85,False,,案例标题明确指出'集群主机扩容了一台主机'，且后续问题表现为新主机在虚拟机迁移中不可选，这通常意味着主机扩容流程未完全成功或状态同步异常，导致资源池未能正确识别新节点。虽然操作看似完成，但功能缺失属于扩容相关的故障范畴。
926,30736,【HCI-LMT】690热迁移运行位置，迁移失败，失败原因：操作已中断！可能是网络异常或不稳定导致，请稍后重试。,draft,,虚拟机-L2-虚拟机集群内或跨集群迁移失败,,虚拟机-016,虚拟机-016,0.95,False,,标题明确提及'热迁移'且为HCI平台常见场景，通常默认为同存储热迁移。
940,30881,【HCI-LMT】跨集群迁移虚拟机任务一直显示排队中,draft,,虚拟机-L2-虚拟机集群内或跨集群迁移失败,,虚拟机-017,虚拟机-017,0.95,False,,案例标题明确提到“跨集群迁移”，且问题描述为任务一直显示排队中，属于迁移流程异常。在HCI场景中，跨集群迁移通常涉及存储和网络同步，若未特别说明关机，默认为热迁移场景。该分类最精准匹配“跨集群”和“迁移失败/卡住”的特征。
958,31094,【HCI-LMT】迁移虚拟机报错查询基镜像信息失败-处置脚本,draft,,虚拟机-L2-虚拟机集群内或跨集群迁移失败,,虚拟机-014,虚拟机-014,0.95,False,,案例标题明确提到“迁移虚拟机报错”，问题描述为“迁移虚拟机时报错查询基镜像信息失败”。在HCI超融合平台中，涉及跨集群或特定场景的虚拟机迁移通常归类于SCMT（Storage Cluster Migration Tool）或通用迁移故障。虽然分类列表中有多个迁移细分项（如热迁移、冷迁移），但“查询基镜像信息失败”通常发生在迁移前的元数据校验阶段，属于广义的迁移流程失败。在没有更具体的“跨集群”或“
964,31202,【HCI-LMT】热升级之后，部分虚拟机迁移失败，报错“迁移失败，失败原因：操作已中断！可能是网络异常或不稳定”,published,虚拟机-L2-虚拟机集群内或跨集群迁移失败,虚拟机-L2-虚拟机集群内或跨集群迁移失败,虚拟机-066,虚拟机-016,虚拟机-016,0.95,False,,案例标题和描述明确指出是“热升级之后”、“集群内跨主机迁移”失败，且报错为“操作已中断”，符合虚拟机在集群内进行热迁移失败的典型场景。由于是HCI超融合平台，通常默认使用共享虚拟存储，故归类为同存储热迁移失败最为匹配。
1034,32544,【HCI-VT】基镜像异常后迁移失败，基镜像恢复后依然无法正常迁移。报错：获取虚拟机大小失败，无法获取副本信息；错误码：0x01002AA1,draft,,虚拟机-L2-虚拟机集群内或跨集群迁移失败,,虚拟机-015,虚拟机-015,0.95,False,,标题明确提及“迁移失败”，描述涉及基镜像异常导致的迁移报错，属于典型的虚拟机迁移故障。
1040,32766,【HCI-中台-QEMU】当主机内存使用率很高，使用到swap的前提下，vs存储上执行迁移运行位置操作，有概率出现kvm rpc_read_from_socket函数的core,draft,,虚拟机-L2-虚拟机集群内或跨集群迁移失败,,虚拟机-016,虚拟机-016,0.95,False,,案例描述中明确提到在'vs存储上执行迁移运行位置操作'，且故障表现为KVM进程core dump导致迁移中断。由于是在同一虚拟存储（VS）内部进行的迁移操作，符合'集群内热迁移失败（同存储）'的定义。
1054,33176,【KB2025052700168】本地存储冷迁移虚拟机到虚拟失败：报错“迁移中止，失败原因：同步虚拟磁盘数据失败：重新配置模板镜像失败，指定基镜像副本路径不存在”,draft,,虚拟机-L2-虚拟机集群内或跨集群迁移失败,,虚拟机-018,虚拟机-018,0.95,False,,案例标题明确描述为“本地存储冷迁移虚拟机到虚拟失败”，即从本地存储迁移至虚拟存储，属于跨存储的冷迁移操作。问题现象中的报错“同步虚拟磁盘数据失败”直接对应迁移过程中的数据同步环节，完全符合该分类定义。
1059,33265,【HCI-中台-冷迁移】虚拟机迁移速度慢，界面一致卡在9%，冷迁移；冷迁移完成时间预计多久,draft,,虚拟机-L2-虚拟机集群内或跨集群迁移失败,,虚拟机-018,虚拟机-018,0.95,False,,标题明确提及“冷迁移”，且描述中“卡在9%”表明迁移过程异常或停滞，符合冷迁移失败的特征。
1062,33290,KB2025052700093HCI 热升级后，部分虚拟机热迁移报错“迁移失败，失败原因：操作已中断！可能是网络异常或不稳定导致，请稍后重试”,draft,,虚拟机-L2-虚拟机集群内或跨集群迁移失败,,虚拟机-016,虚拟机-016,0.95,False,,案例标题和描述明确指出故障现象为“虚拟机热迁移报错”、“热迁移时失败”。在HCI超融合架构中，原地热升级通常发生在同一集群内的主机上，且未提及跨存储操作，因此最匹配的分类是“虚拟机集群内热迁移失败（同存储）”。
1072,33418,【HCI】带有虚拟共享盘或物理盘的虚拟机迁移失败，报错：迁移中止，失败原因：同步虚拟磁盘数据失败：存储不存在  错误码0x010039DE,draft,,虚拟机-L2-虚拟机集群内或跨集群迁移失败,,虚拟机-014,虚拟机-014,0.95,False,,案例标题明确描述为“虚拟机迁移失败”，且问题核心在于带有虚拟共享盘或物理盘的虚拟机在迁移过程中因磁盘配置缺失导致同步数据失败。虽然未显式提及SCMT，但在HCI超融合语境下，涉及存储类型转换或特定磁盘配置的迁移故障常归类于此类高级迁移场景，或者作为最接近的“迁移失败”具体子类。
1082,33776,【HCI】①跨集群迁移虚拟机失败，同步虚拟磁盘数据失败，跨集群同步基镜像失败；②跨集群克隆基镜像失败，无法跨集群克隆基镜像，所有可用副本均无法完成克隆，请检查网络和对端集群存储,draft,,虚拟机-L2-虚拟机集群内或跨集群迁移失败,,虚拟机-017,虚拟机-017,0.95,False,,标题明确提及“跨集群迁移虚拟机失败”，且描述涉及同步虚拟磁盘数据，符合跨集群迁移场景。
1088,33875,【HCI-LMT】虚拟机迁移失败，目的主机无法运行虚拟机，目的主机CPU不兼容虚拟机已启用的指令集,published,虚拟机-L2-虚拟机集群内或跨集群迁移失败,虚拟机-L2-虚拟机集群内或跨集群迁移失败,虚拟机-066,虚拟机-014,虚拟机-014,0.95,False,,标题明确提到“虚拟机迁移失败”，且描述中涉及CPU指令集兼容性导致的迁移后无法运行，属于典型的SCMT（存储计算混合技术/或特定迁移场景）迁移失败案例。
1091,33946,【HCI-LMT】跨集群迁移失败，提示目标集群不支持的vcpu型号core2duo，虚拟机编辑无法选择其他的vcpu型号,published,虚拟机-L2-虚拟机集群内或跨集群迁移失败,虚拟机-L2-虚拟机集群内或跨集群迁移失败,虚拟机-066,虚拟机-017,虚拟机-017,0.95,False,,标题明确提到'跨集群迁移失败'，且问题描述指出因vcpu型号不兼容导致迁移受阻，完全匹配该分类定义。
1111,34689,【HCI-VT】跨集群冷迁移失败，报错原创拷贝文件失败，请检查网络是否正常。,published,虚拟机-L2-虚拟机集群内或跨集群迁移失败,虚拟机-L2-虚拟机集群内或跨集群迁移失败,虚拟机-066,虚拟机-020,虚拟机-020,1.00,False,,案例标题和问题描述中明确指出了“跨集群冷迁移失败”，与分类标签完全匹配。
1124,35144,【HCI-VN】虚拟机迁移运行位置时，在90%进度卡住并失败。迁移失败，失败原因：进程虚拟机启动失败 0x010039DE,draft,虚拟机-L2-虚拟机集群内或跨集群迁移失败,虚拟机-015,虚拟机-066,虚拟机-015,虚拟机-015,0.95,False,,案例标题明确描述为“虚拟机迁移运行位置时...卡住并失败”，核心故障现象是迁移操作失败。虽然错误信息提及“启动失败”，但这通常是迁移过程中目标主机拉起虚拟机时的子步骤报错，根本原因归类于迁移失败。
1148,35837,【HCI-VN】跨集群迁移失败，提示获取主机网络信息失败，请确认网络环境和主机是否可访问； 实体机页面物理网络显示空白，显示暂无数据,draft,,虚拟机-L2-虚拟机集群内或跨集群迁移失败,,虚拟机-017,虚拟机-017,0.95,False,,标题明确提及“跨集群迁移失败”，且描述中确认是执行迁移任务时失败，直接匹配该分类。
1158,35996,【中台】【虚拟化】未升级兼容性的虚拟机，从6.11.1及6.11.1 R1版本跨集群热迁移670及以下版本失败，跨集群热迁移失败 ，操作中断：无法获取目的端迁移状态，可能目的端进程被重启！,draft,,虚拟机-L2-虚拟机集群内或跨集群迁移失败,,虚拟机-017,虚拟机-017,0.98,False,,标题明确描述为“跨集群热迁移失败”，且问题指出特定版本间迁移必定失败，完全匹配该分类定义。
1170,36146,【HCI】高版本跨集群冷迁移到低版本报错，获取主机的管理口信息失败，请确认网络环境和主机是否可访问,published,虚拟机-L2-虚拟机集群内或跨集群迁移失败,虚拟机-L2-虚拟机集群内或跨集群迁移失败,虚拟机-066,虚拟机-020,虚拟机-020,0.95,False,,标题明确描述为“高版本跨集群冷迁移到低版本报错”，核心故障现象是跨集群冷迁移操作失败，与分类定义完全匹配。
1201,36446,【HCI-LMT】迁移虚拟机失败，信息：系统当前负载较大，请稍后再试！vmp场景,draft,,虚拟机-L2-虚拟机集群内或跨集群迁移失败,,虚拟机-015,虚拟机-015,0.95,False,,标题明确为“迁移虚拟机失败”，且HCI场景下负载高导致迁移失败通常涉及资源调度或存储IO，热迁移是最常见场景。
1203,36450,【HCI-LMT】跨集群热迁移失败，迁移失败，失败原因:远程虚拟机启动失败，错误码: 0x010039DE,draft,,虚拟机-L2-虚拟机集群内或跨集群迁移失败,,虚拟机-017,虚拟机-017,0.95,False,,标题明确为'跨集群热迁移失败'，直接匹配该分类。虽然描述提到启动失败，但这是迁移过程中的子错误，主故障现象是迁移失败。
1223,37297,【HCI】openEuler 22.03 LTS SP1虚拟机图形化界面安装后中文乱码，因虚拟机内部缺少中文字体及编码配置不完整,draft,,虚拟机-L3-006,,虚拟机-041,虚拟机-041,0.85,False,,案例描述为虚拟机控制台显示中文乱码（方块），属于虚拟机图形化界面/桌面显示异常。在提供的分类列表中，'虚拟机内部黑屏'是'进不去系统OS或桌面'下的最接近的显示类故障分类，通常涵盖控制台画面渲染、字体缺失导致的显示错误等问题。
1357,38682,【HCI】因服务器CPU物理损坏，导致断电重启后存储网口灰色、CPU和内存识别异常,draft,,硬件-L2-CPU,,硬件-012,硬件-012,0.85,False,,案例核心现象为断电重启后CPU和内存识别数量减半，这通常由物理硬件损坏或接触不良导致。虽然标题明确提到'CPU物理损坏'，但分类列表中无直接的'CPU物理损坏'项，而'内存ECC故障'是硬件层面对内存容量/状态异常的最接近匹配（常伴随CPU通道故障导致内存不可用）。此外，存储网口灰色属于网卡问题，但主因是CPU/内存识别异常，故优先归类于硬件资源识别故障。
1488,38956,【HCI】因第三方杀毒软件（卡巴斯基）防火墙策略自动开启，导致机房断电恢复后虚拟机域共享无法搜索域用户，提示“和域控信任连接失败”,draft,,虚拟机-L3-004,,虚拟机-043,虚拟机-043,0.95,False,,案例核心故障是第三方杀毒软件（卡巴斯基）的防火墙策略导致域共享功能不可用，属于虚拟机操作系统内部软件配置或行为导致的业务异常。
1559,39095,【HCI】因目的主机实际可用计算内存不足，导致虚拟机迁移失败提示“此主机计算内存不足，可用计算内存230.95 GB，虚拟机需要256.00 GB”,published,虚拟机-L2-虚拟机集群内或跨集群迁移失败,虚拟机-L2-虚拟机集群内或跨集群迁移失败,虚拟机-066,虚拟机-016,虚拟机-016,0.95,False,,案例明确描述为“虚拟机迁移失败”，且错误提示涉及目的主机内存不足，属于典型的集群内热迁移因资源检查不通过导致的失败。虽然未显式说明是否跨存储，但HCI超融合场景下默认多为同存储或共享存储的热迁移，此分类最匹配核心故障现象。
1611,39179,【HCI】因Windows组策略限制RDP连接数，导致虚拟机远程桌面提示“已使用所有连接”，进安全模式调整组策略后恢复,draft,,虚拟机-L3-004,,虚拟机-043,虚拟机-043,0.95,False,,故障核心是Windows操作系统内部的组策略配置限制了RDP连接数，属于虚拟机内部系统组件/软件配置导致的功能异常。虽然标题提到“开机后”，但并非“开机失败”（VM已正常启动），而是启动后的远程访问功能受限，符合内部软件使用异常的定义。
1712,39437,【HCI】虚拟机迁移时目的主机不可选，因该主机未加入虚拟存储卷,unpublishable,,虚拟机-L2-虚拟机集群内或跨集群迁移失败,,虚拟机-015,虚拟机-015,0.95,False,,标题明确提到'虚拟机迁移'，且原因是目的主机未加入虚拟存储卷，属于跨存储场景下的迁移限制或失败。
1713,39438,【HCI】源集群 Intel CPU 与目标集群 AMD CPU 架构不一致，导致跨集群热迁移失败，提示“目标集群不支持虚拟机的vCPU型号”,published,虚拟机-L2-虚拟机集群内或跨集群迁移失败,虚拟机-L2-虚拟机集群内或跨集群迁移失败,虚拟机-066,虚拟机-017,虚拟机-017,0.98,False,,案例标题和问题描述明确指出故障场景为“跨集群热迁移失败”，且错误提示涉及vCPU型号兼容性，完全匹配该分类定义。
1719,39461,"【HCI】跨集群迁移虚拟机失败，提示""获取虚拟机大小失败""",published,虚拟机-L2-虚拟机集群内或跨集群迁移失败,虚拟机-L2-虚拟机集群内或跨集群迁移失败,虚拟机-066,虚拟机-017,虚拟机-017,0.95,False,,标题明确提到“跨集群迁移虚拟机失败”，问题描述指出是“从其他集群迁移到当前集群...执行迁移任务时失败”。虽然未明确说明是热迁移还是冷迁移，但通常跨集群在线迁移默认为热迁移场景，且该分类直接对应跨集群迁移失败的核心故障域。
1723,39480,【HCI】跨集群迁移失败，提示“主机网络不可达”,unpublishable,虚拟机-L2-虚拟机集群内或跨集群迁移失败,虚拟机-L2-虚拟机集群内或跨集群迁移失败,虚拟机-066,虚拟机-017,虚拟机-017,0.95,False,,标题明确提到“跨集群迁移失败”，问题描述中确认为执行跨集群虚拟机迁移时失败，且HCI环境中跨集群迁移通常指热迁移。该分类直接对应故障现象。
1742,39533,【HCI】安全设备将跨集群迁移流量误判为攻击流量，导致虚拟机迁移失败，提示“操作已中断！可能是网络异常或不稳定导致，请稍后重试”,unpublishable,,虚拟机-L2-虚拟机集群内或跨集群迁移失败,,虚拟机-017,虚拟机-017,0.95,False,,案例明确描述为“跨集群迁移”且涉及“虚拟机”，故障现象为迁移任务持续失败。虽然标题提到安全设备拦截，但核心业务动作是跨集群迁移，该分类最精准匹配业务场景。
1746,39545,【HCI】因中间防火墙拦截跨集群迁移通信，导致跨集群迁移时http出错，无法完成请求,unpublishable,,虚拟机-L2-虚拟机集群内或跨集群迁移失败,,虚拟机-017,虚拟机-017,0.95,False,,标题明确提及“跨集群迁移”，描述指出因防火墙拦截导致HTTP错误无法完成请求，符合跨集群迁移失败特征。
1748,39557,【HCI】HCI 6.10.0_R2 跨集群迁移时虚拟存储写时延飙升至 300ms 以上,published,虚拟机-L2-虚拟机集群内或跨集群迁移失败,虚拟机-L2-虚拟机集群内或跨集群迁移失败,虚拟机-066,存储-020,存储-020,0.95,False,,标题明确提到“写时延飙升至 300ms 以上”，直接对应虚拟存储的 IO 时延过高性能告警分类。
1750,39562,【HCI】虚拟机跨集群迁移后原存储卷空间未释放，通过垃圾清理功能删除残留文件后恢复,published,虚拟机-006,虚拟机-L2-虚拟机集群内或跨集群迁移失败,虚拟机-006,存储-027,存储-027,0.85,False,,问题核心为迁移后原存储卷空间未释放，需通过垃圾清理删除残留文件，本质是数据块重用/回收机制异常。虽然案例提及虚拟存储，但分类列表中无专门的'虚拟存储数据块重用'项，'FC存储数据块重用'是唯一涉及该底层机制的分类，且HCI中常将此类逻辑错误归类于存储层的数据管理故障。
1755,39585,"【HCI】因管理网震荡导致kafka连接失败，虚拟机热迁移失败，提示""远程虚拟机启动失败""",published,虚拟机-L2-虚拟机集群内或跨集群迁移失败,虚拟机-L2-虚拟机集群内或跨集群迁移失败,虚拟机-066,虚拟机-015,虚拟机-015,0.95,False,,问题描述明确指出'虚拟机在集群内跨主机热迁移时失败'，且错误提示为'远程虚拟机启动失败'，这是热迁移过程中目标端启动虚拟机的典型报错。虽然标题关键词预分析建议匹配'开机失败'，但根据故障根因和具体场景（迁移任务），'热迁移失败'是更精准的业务分类。
1761,39602,【HCI】目标集群IP经过NAT转换致跨集群迁移失败，提示“获取主机管理口信息失败”,unpublishable,,虚拟机-L2-虚拟机集群内或跨集群迁移失败,,虚拟机-017,虚拟机-017,0.95,False,,标题明确提及“跨集群迁移失败”，描述中确认为执行“虚拟机跨集群热迁移”时因网络NAT问题导致失败，完全匹配该分类。
1762,39603,"【HCI】跨集群迁移失败，提示""服务器出错，无法完成请求（HTTP错误）""",published,虚拟机-L2-虚拟机集群内或跨集群迁移失败,虚拟机-L2-虚拟机集群内或跨集群迁移失败,虚拟机-066,虚拟机-017,虚拟机-017,0.95,False,,标题明确提到'跨集群迁移失败'，问题描述中详细说明了执行'跨集群虚拟机迁移'时报错，且故障点在于迁移过程中的接口调用失败，完全匹配该分类。
1768,39617,【HCI】跨集群迁移失败，因外置存储空间不足且迁移后源存储文件残留未释放,draft,,虚拟机-L2-虚拟机集群内或跨集群迁移失败,,虚拟机-017,虚拟机-017,0.95,False,,标题明确提到“跨集群迁移失败”，问题描述指出在执行跨集群迁移任务时卡住并最终失败，直接匹配该分类。虽然根本原因是存储空间不足，但故障现象和核心操作是迁移失败。
1771,39624,【HCI】跨集群迁移后编辑虚拟机网卡失败，提示“mac输入错误：值必须是MAC地址(字母小写，以:号分隔)”,unpublishable,,虚拟机-L2-虚拟机集群内或跨集群迁移失败,,虚拟机-017,虚拟机-017,0.85,False,,案例标题明确提及“跨集群迁移后”，且问题描述指出故障发生在从源集群迁移至目标集群之后。虽然直接报错是网卡编辑，但根本原因通常与迁移过程中元数据同步、配置残留或状态不一致有关，属于跨集群迁移场景下的衍生故障。
1772,39625,【HCI】aSEC 1.5.2代码缺陷导致勒索应急恢复扫描完成后事件列表未展示,draft,,虚拟机-047,,,,0.85,True,无合规叶子推荐,案例核心场景为“aSEC模块的勒索应急恢复功能”及“病毒扫描”，属于针对勒索病毒的处置流程。虽然具体故障表现为UI展示缺陷，但在现有分类体系中，与勒索病毒直接相关的唯一细分项即为该分类。
1780,39644,【HCI】虚拟机跨集群冷迁移因专线带宽限制导致磁盘拷贝缓慢，进度长时间停滞,unpublishable,,虚拟机-L2-虚拟机集群内或跨集群迁移失败,,虚拟机-020,虚拟机-020,0.95,False,,标题明确提到“虚拟机跨集群冷迁移”，问题描述指出任务进度停滞、拷贝缓慢，属于迁移过程中的异常/失败场景。
1781,39646,【HCI】虚拟机配置快照策略后在线迁移仅显示“提交成功”但未生成迁移任务,unpublishable,,虚拟机-L2-虚拟机集群内或跨集群迁移失败,,虚拟机-016,虚拟机-016,0.95,False,,案例核心问题是“在线迁移”（即热迁移）未生成任务，属于迁移操作失败。虽然标题提到快照策略，但故障现象直接指向迁移流程异常。在HCI中，在线迁移通常发生在同一集群内，若未明确跨存储，默认归类为同存储热迁移失败最为贴切。
1782,39647,"【HCI】跨集群冷迁移虚拟机提示""同步虚拟磁盘数据失败：远程拷贝文件失败""",unpublishable,,虚拟机-L2-虚拟机集群内或跨集群迁移失败,,虚拟机-020,虚拟机-020,0.98,False,,标题明确提及'跨集群冷迁移'，且错误提示为迁移过程中的数据同步/拷贝失败，完全匹配该分类。
1785,39653,"【HCI】目的集群启用用户登录限制导致跨集群迁移失败，提示""获取远程主机版本号失败""",published,虚拟机-L2-虚拟机集群内或跨集群迁移失败,虚拟机-L2-虚拟机集群内或跨集群迁移失败,虚拟机-066,虚拟机-017,虚拟机-017,0.95,False,,标题明确提及“跨集群迁移失败”，描述中报错发生在迁移过程中，完全匹配该分类。
1789,39660,【HCI】虚拟机跨集群迁移失败，提示“同步虚拟磁盘数据失败: 跨集群同步基镜像失败”,published,虚拟机-L2-虚拟机集群内或跨集群迁移失败,虚拟机-L2-虚拟机集群内或跨集群迁移失败,虚拟机-066,虚拟机-017,虚拟机-017,0.95,False,,标题明确提及“虚拟机跨集群迁移失败”，且描述中涉及基镜像同步，通常属于热迁移场景。
1791,39667,【HCI】因虚拟存储读写性能瓶颈，导致跨集群虚拟机热迁移速率仅约150MB/s，万兆网络无法充分利用,published,虚拟机-L2-虚拟机集群内或跨集群迁移失败,虚拟机-L2-虚拟机集群内或跨集群迁移失败,虚拟机-066,存储-020,存储-020,0.95,False,,案例核心故障点为“虚拟存储读写性能瓶颈”，导致迁移速率远低于预期。虽然表现为迁移慢，但根本原因是存储IO性能不达标，属于虚拟存储性能类问题。
1793,39674,【HCI】因源FC存储空间使用率达100%导致跨集群迁移虚拟机失败，提示“创建文件夹失败”,published,虚拟机-L2-虚拟机集群内或跨集群迁移失败,虚拟机-L2-虚拟机集群内或跨集群迁移失败,虚拟机-066,存储-025,存储-025,0.95,False,,问题描述明确指出故障根因为“源端FC存储已用容量达到100%”，导致无法创建临时文件夹。虽然表象是迁移失败，但根本原因是存储资源耗尽，符合FC存储空间不足的分类定义。
1798,39686,"【HCI】跨集群虚拟机迁移失败，提示""同步虚拟磁盘数据失败:跨集群同步基镜像失败""",draft,,虚拟机-L2-虚拟机集群内或跨集群迁移失败,,虚拟机-017,虚拟机-017,0.95,False,,标题明确为'跨集群虚拟机迁移失败'，且报错涉及数据同步，符合跨集群热迁移场景。
1802,39708,【HCI】因集群节点脑裂，NFS存储路径I/O错误，导致虚拟机跨集群迁移获取磁盘大小失败，错误码0x010017AC,published,虚拟机-L2-虚拟机集群内或跨集群迁移失败,虚拟机-L2-虚拟机集群内或跨集群迁移失败,虚拟机-066,虚拟机-017,虚拟机-017,0.95,False,,标题明确描述'虚拟机跨集群迁移...失败'，且问题描述指出迁移时获取磁盘大小失败，直接对应跨集群迁移故障。
1839,40613,【HCI】第三方服务器背板故障导致磁盘UUID变化，硬盘离线无法自动上线,draft,,硬件-L3-硬盘离线或不识别,,存储-006,存储-006,0.95,False,,案例核心问题是硬盘离线后无法自动上线，最终解决方案是“通过页面替换功能触发重新识别”。在HCI故障分类中，当物理磁盘因硬件故障（如背板导致UUID变化）导致虚拟存储层无法直接恢复时，通常归类为磁盘替换或重建流程中的异常。虽然描述中提到“需通过...触发”，暗示操作可能未完全自动化或需要人工介入处理这种非标准离线场景，但最接近的业务动作是磁盘替换/恢复流程。若严格看“失败”二字，此处指代的是常规自动
1867,40658,【HCI】因硬盘背板线缆故障，导致NVMe SSD间歇性离线,draft,,硬件-L3-硬盘离线或不识别,,硬件-020,硬件-020,0.95,False,,故障现象为NVMe SSD间歇性离线，根因为背板线缆故障，属于物理硬盘连接/识别问题。
1872,40665,【HCI】未安装U.2套件导致U.2 SSD无法被识别，无法配置为缓存盘,draft,,硬件-L3-硬盘离线或不识别,,硬件-020,硬件-020,0.95,False,,核心故障为U.2 SSD无法被系统或RAID卡识别，属于物理硬盘不识别问题。
1879,40674,【HCI】因机房环境硫腐蚀导致新扩容希捷硬盘离线无法识别,draft,,硬件-L3-硬盘离线或不识别,,硬件-021,硬件-021,0.95,False,,案例明确描述'多块希捷4T机械硬盘陆续离线，RAID卡无法识别'，符合多盘离线不识别特征。
1895,40696,【HCI】因浏览器扩展项影响，导致虚拟机远程控制台部分按键（Z/X/C/A/S/D/W/E等）无法输入,draft,,虚拟机-L3-004,,虚拟机-043,虚拟机-043,0.85,False,,问题描述指出故障原因为“浏览器特定扩展项导致键盘事件被拦截”，这属于客户端软件环境或插件冲突导致的操作异常。虽然发生在远程控制台，但根本原因并非HCI平台底层功能故障，而是与访问终端的软件配置有关，归类为软件使用异常最为贴切。
1991,40874,【HCI】换盘后磁盘无法识别，因RAID卡残留配置数据锁定新盘,draft,,硬件-L3-硬盘离线或不识别,,硬件-020,硬件-020,0.95,False,,案例核心现象为更换新磁盘后系统无法识别该盘，直接对应‘硬盘离线或不识别’分类。虽然涉及RAID卡配置问题，但故障表现主体是单块新硬盘未被OS/存储层识别。
2081,41514,【HCI】Windows域控虚拟机DNS配置异常及SAP进程异常，导致域解析失败和备域虚拟机自动重启,draft,,虚拟机-L3-004,,虚拟机-043,虚拟机-043,0.95,False,,问题核心为Windows域控DNS配置错误及SAP进程异常，属于虚拟机内部操作系统及应用程序层面的故障。
2131,41626,【HCI】VNC控制台中SSH到其他虚拟机导致两个控制台显示同一桌面，误认为文件同步,draft,,虚拟机-L3-006,,虚拟机-043,虚拟机-043,0.85,False,,案例核心为VNC控制台显示逻辑及SSH会话导致的桌面混淆，属于虚拟机内部交互/软件层面的异常表现。
2280,43320,【HCI】因biosfile文件丢失导致跨集群热迁移报错“远程虚拟机启动失败”,published,虚拟机-L2-虚拟机集群内或跨集群迁移失败,虚拟机-L2-虚拟机集群内或跨集群迁移失败,虚拟机-066,虚拟机-017,虚拟机-017,0.95,False,,案例标题明确指出故障场景为“跨集群热迁移”，问题描述中详细说明了在跨集群热迁移过程中任务失败。虽然报错信息包含“启动失败”，但这是迁移过程中的子步骤错误，根本故障现象是迁移操作本身失败，因此最匹配的分类是跨集群热迁移失败。
2291,43336,【HCI】虚拟机Linux LVM卷不支持优化拷贝，跨集群热迁移数据量远大于实际使用，进度卡在88%,published,虚拟机-L2-虚拟机集群内或跨集群迁移失败,虚拟机-L2-虚拟机集群内或跨集群迁移失败,虚拟机-066,虚拟机-017,虚拟机-017,0.95,False,,案例标题明确描述为“跨集群热迁移”，且问题表现为迁移进度卡在88%无法完成，属于典型的跨集群热迁移失败场景。虽然根本原因是LVM不支持优化拷贝导致数据量过大，但故障现象归类于迁移操作失败。
2297,43349,【HCI】HCI6.3.0_R1跨版本迁移到6.10.0_R2提示“操作已中断”，目的端qemu日志报load of migration failed: Invalid argument,published,虚拟机-L2-虚拟机集群内或跨集群迁移失败,虚拟机-L2-虚拟机集群内或跨集群迁移失败,虚拟机-066,虚拟机-017,虚拟机-017,0.95,False,,案例明确描述为从 HCI6.3.0_R1 集群迁移至 HCI6.10.0_R2 集群，属于跨集群场景；且问题描述中明确指出是“热迁移”失败，与分类定义完全匹配。
2303,43355,【HCI】存储口IP网段不一致导致跨集群迁移存储口选项不可用,published,虚拟机-L2-虚拟机集群内或跨集群迁移失败,虚拟机-L2-虚拟机集群内或跨集群迁移失败,虚拟机-066,虚拟机-017,虚拟机-017,0.95,False,,案例明确描述为“跨集群热迁移”时因存储口选项不可用导致“迁移失败”，直接匹配该分类。
2308,43362,【HCI】Windows Server 2019虚拟机RDP登录报错“连接内部错误”，组策略安全层不兼容,draft,,虚拟机-L3-004,,虚拟机-043,虚拟机-043,0.95,False,,RDP连接报错及组策略配置不兼容属于虚拟机操作系统内部软件/服务配置问题。
2312,43369,【HCI】HCI6.11.1虚拟机调度策略残留导致热迁移失败，克隆后恢复正常,published,虚拟机-L2-虚拟机集群内或跨集群迁移失败,虚拟机-L2-虚拟机集群内或跨集群迁移失败,虚拟机-066,虚拟机-015,虚拟机-015,0.95,False,,案例标题和描述明确指出故障现象为“热迁移失败”，且涉及“目标存储卷”，符合跨存储热迁移失败的分类定义。
2313,43370,【HCI】虚拟机SSH连接被RST，内部sshd服务未运行,draft,,虚拟机-L3-004,,虚拟机-043,虚拟机-043,0.95,False,,SSH服务(sshd)属于虚拟机内部软件/服务，未运行导致连接失败，符合内部软件异常定义。
2320,43378,【HCI】虚拟机目录存在科力锐遗留闲置磁盘文件，导致跨集群迁移进度停留在9%,published,虚拟机-L2-虚拟机集群内或跨集群迁移失败,虚拟机-L2-虚拟机集群内或跨集群迁移失败,虚拟机-066,虚拟机-017,虚拟机-017,0.95,False,,案例明确描述为“跨集群迁移”任务卡滞，属于跨集群迁移失败场景。
2329,43392,【HCI】因存储私网偶发高延迟导致IO超时，虚拟机迁移存储位置失败,unpublishable,,虚拟机-L2-虚拟机集群内或跨集群迁移失败,,虚拟机-015,虚拟机-015,0.95,False,,案例标题明确指出“虚拟机迁移存储位置失败”，问题描述中说明是从卷2迁移到卷SSD，属于跨存储的热迁移场景。虽然根本原因是网络延迟导致IO超时，但故障现象直接表现为迁移任务失败，因此最匹配的分类是虚拟机跨存储热迁移失败。
2336,43404,【HCI】基镜像tpm目录残留导致迁移存储位置任务卡住无响应,published,虚拟机-L2-虚拟机集群内或跨集群迁移失败,虚拟机-L2-虚拟机集群内或跨集群迁移失败,虚拟机-066,虚拟机-015,虚拟机-015,0.95,False,,案例描述明确提到“虚拟机迁移存储（SSD到HDD）”，这属于跨存储类型的迁移操作。虽然标题未直接写“失败”，但“任务卡住无响应”在故障分类中通常归为迁移失败或异常的一种表现。且问题根源涉及基镜像同步，与存储位置变更紧密相关，故匹配度最高。
2340,43408,【HCI】HCI6.10.0因adeploy空间清理功能导致补丁代码软连接丢失，引发虚拟机迁移卡90%报错,rejected,,虚拟机-L2-虚拟机集群内或跨集群迁移失败,,虚拟机-016,虚拟机-016,0.95,False,,案例明确描述为“虚拟机热迁移卡在90%...后失败”，且发生在单主机维护模式下，属于典型的集群内热迁移故障。
2366,43445,【HCI】跨集群迁移后虚拟机详情不显示IP，因虚拟机内仅配置fe80本地链路地址,published,虚拟机-L2-虚拟机集群内或跨集群迁移失败,虚拟机-L2-虚拟机集群内或跨集群迁移失败,虚拟机-066,虚拟机-017,虚拟机-017,0.85,False,,案例标题明确提及“跨集群迁移”，虽然描述指出是IP显示问题而非严格意义上的迁移操作失败，但在故障分类体系中，此类由迁移动作引发的后续状态异常（如信息不同步、配置丢失等）通常归类于对应的迁移故障类别。这是最接近业务场景的分类。
2369,43449,【HCI】跨集群迁移任务因迁移速度被设置为0导致长时间无进展,published,虚拟机-L2-虚拟机集群内或跨集群迁移失败,虚拟机-L2-虚拟机集群内或跨集群迁移失败,虚拟机-066,虚拟机-017,虚拟机-017,0.95,False,,案例标题明确提到“跨集群迁移任务”，问题描述指出迁移持续无进展、速率异常，属于典型的跨集群热迁移故障。虽然根本原因是配置错误（速度为0），但在故障分类体系中，此类导致迁移停滞或失败的场景通常归类于具体的迁移失败类别。
2371,43451,【HCI】虚拟机跨存储迁移进度持续停留在9%~10%，因大量备份任务抢占存储IO资源,published,虚拟机-L2-虚拟机集群内或跨集群迁移失败,虚拟机-L2-虚拟机集群内或跨集群迁移失败,虚拟机-066,虚拟机-015,虚拟机-015,0.95,False,,标题明确提及'虚拟机跨存储迁移'，且描述中迁移进度停滞属于迁移异常/失败场景，匹配度最高。
2398,43489,【HCI】Oracle RAC数据库配置错误导致节点驱逐，业务中断（数据库操作，建议联系DBA专家确认后执行）,draft,,虚拟机-L3-004,,虚拟机-043,虚拟机-043,0.95,False,,案例明确描述故障原因为Oracle RAC数据库配置错误（NTP不一致、参数缺失、服务名格式错误），属于运行在虚拟机内部的第三方应用软件自身配置或逻辑问题，而非HCI底层平台故障。
2403,43499,【HCI】跨存储迁移失败，目标存储写IO失败，报错“写IO失败”,published,虚拟机-L2-虚拟机集群内或跨集群迁移失败,虚拟机-L2-虚拟机集群内或跨集群迁移失败,虚拟机-066,虚拟机-015,虚拟机-015,0.98,False,,标题明确提到“跨存储迁移失败”，且问题描述中涉及“目标存储写IO失败”导致迁移中断，完全匹配该分类定义。
2411,43509,【HCI】虚拟机跨集群热迁移失败，提示连接超时（errno 110），根因网卡启动参数不一致,published,虚拟机-L2-虚拟机集群内或跨集群迁移失败,虚拟机-L2-虚拟机集群内或跨集群迁移失败,虚拟机-066,虚拟机-017,虚拟机-017,0.98,False,,标题明确提及“虚拟机跨集群热迁移失败”，与分类标签完全匹配。
2415,43513,【HCI】因Windows虚拟机内部RDP会话状态错误导致远程桌面连接失败提示“内部错误”,draft,,虚拟机-L3-004,,虚拟机-043,虚拟机-043,0.95,False,,问题描述明确指出故障原因为'Windows RDP内部问题'，且HCI平台侧网络连通正常、控制台登录正常，排除了底层基础设施故障。RDP服务属于操作系统内部组件/软件范畴，符合'虚拟机内部软件使用异常'的定义。
2426,43531,【HCI】虚拟机迁移后终端通信口未配置且零信任VDC地址未更新导致桌面云客户端登录失败,unpublishable,,虚拟机-L2-002,,虚拟机-021,虚拟机-021,0.85,False,,案例核心为“虚拟机迁移”后出现配置问题导致业务不可用。虽然标题未直接说“迁移失败”，但迁移后的状态异常（通信口未配、VDC地址错）属于迁移流程或迁移后验证的范畴，且分类列表中无专门的“迁移后配置错误”项，故归入最相关的迁移类故障。
2432,43540,【HCI】因热迁移过程中虚拟机内部重启，导致迁移失败，提示“进程异常退出”,published,虚拟机-L2-虚拟机集群内或跨集群迁移失败,虚拟机-L2-虚拟机集群内或跨集群迁移失败,虚拟机-066,虚拟机-015,虚拟机-015,0.95,False,,问题描述明确指出是“跨主机跨存储热迁移失败”，与分类定义完全匹配。
2437,43548,【SCP】跨集群迁移时目标集群资源池置灰，提示“补丁包不一致”,published,虚拟机-L2-虚拟机集群内或跨集群迁移失败,虚拟机-L2-虚拟机集群内或跨集群迁移失败,虚拟机-066,虚拟机-017,虚拟机-017,0.95,False,,案例标题明确提到“跨集群迁移”，且问题描述中目标资源池置灰导致无法进行迁移操作，属于典型的跨集群迁移失败场景。
2442,43553,【HCI】主机替换后新主机IP未配置，虚拟机回迁时目标主机不显示,published,虚拟机-L2-虚拟机集群内或跨集群迁移失败,虚拟机-L2-虚拟机集群内或跨集群迁移失败,虚拟机-066,平台-004,平台-004,0.95,False,,案例标题明确提到“主机替换后”，且问题描述指出因新主机IP未配置导致后续操作异常，这属于主机替换流程中的配置缺失或失败环节。
2445,43557,【HCI】fw.sh脚本缺陷导致跨集群迁移失败，关停后迁移成功,unpublishable,,虚拟机-L2-虚拟机集群内或跨集群迁移失败,,虚拟机-017,虚拟机-017,0.95,False,,案例标题明确提到“跨集群迁移失败”，问题描述指出是“单台虚拟机跨集群迁移”过程中失败，且涉及网络中断导致的读写错误，符合跨集群热迁移失败的典型特征。
2454,43573,【HCI】SCP跨集群迁移提示目标位置无可用服务器，因目的集群显卡型号不一致且显卡主机未加入虚拟存储,published,虚拟机-L2-虚拟机集群内或跨集群迁移失败,虚拟机-L2-虚拟机集群内或跨集群迁移失败,虚拟机-066,虚拟机-017,虚拟机-017,0.95,False,,标题明确提及'SCP跨集群迁移'，描述中执行的是'跨集群迁移'操作且失败。虽然描述提到'已关机'，但SCP通常指在线/近在线迁移场景，且分类列表中无专门的'跨集群冷迁移'细分项（仅有同存储/跨存储的集群内冷迁移），故最匹配跨集群迁移失败大类。
2463,43590,【HCI】迁移虚拟机提示“网络异常”且管理口无法选择,published,虚拟机-L2-虚拟机集群内或跨集群迁移失败,虚拟机-L2-虚拟机集群内或跨集群迁移失败,虚拟机-066,虚拟机-016,虚拟机-016,0.95,False,,案例明确描述为“执行虚拟机迁移时...导致迁移失败”，且HCI超融合平台默认多为同存储热迁移场景，管理口选择异常是迁移前置检查或配置下发失败的典型表现。
2468,43596,【HCI】6.8.0_R2分区满导致SSH密码认证失败，跨集群迁移时获取目的端信息失败,published,虚拟机-L2-虚拟机集群内或跨集群迁移失败,虚拟机-L2-虚拟机集群内或跨集群迁移失败,虚拟机-066,平台-006,平台-006,0.95,False,,问题描述明确指出根本原因是“版本缺陷导致系统分区写满”，进而影响SSH密码验证文件读取。虽然表象是迁移失败，但核心故障点是主机系统盘/分区空间耗尽，符合该分类定义。
2488,44395,【HCI】磁盘硬件故障导致RAID卡无法识别0号盘，控制台磁盘离线告警,draft,,硬件-L3-硬盘离线或不识别,,硬件-020,硬件-020,0.95,False,,标题明确提到'磁盘硬件故障'、'RAID卡无法识别0号盘'及'磁盘离线告警'，完全匹配单盘离线/不识别的硬件故障分类。
2516,44440,【HCI】虚拟机系统服务启动异常导致网络管理中网卡图标不显示，上网正常,draft,,虚拟机-L3-004,,虚拟机-043,虚拟机-043,0.95,False,,案例描述为VDI虚拟机重启后，网卡驱动正常且网络连通性正常，但Windows系统自带的“网络管理”界面图标显示空白。这属于操作系统内部组件或UI渲染逻辑异常，而非底层虚拟化硬件故障或网络连接故障。虽然标题包含“启动异常”，但指的是“系统服务启动异常”导致的UI显示问题，并非虚拟机开机失败（虚拟机-003），因此归类为内部软件/OS组件使用异常最为准确。
2518,44442,【HCI】缺少U.2套件导致NVMe硬盘无法识别,draft,,硬件-L3-硬盘离线或不识别,,硬件-020,硬件-020,0.95,False,,案例核心问题是加装NVMe硬盘后系统无法识别，且明确指出原因是缺少U.2套件导致物理连接失败。这属于典型的硬件层面硬盘不识别故障。虽然涉及两块盘，但通常此类分类涵盖单盘或多盘的不识别场景，若有多盘专用分类可考虑，但此处'硬盘离线或不识别'是最直接的匹配。
2529,44466,【HCI】SSD因物理接触不良离线，重新插拔后恢复正常,draft,,硬件-L3-硬盘离线或不识别,,硬件-020,硬件-020,0.95,False,,案例明确描述为“一块SSD磁盘运行中离线”，且通过物理重新插拔解决，属于典型的单块物理硬盘因接触不良导致的离线故障。
2620,44618,【HCI】修改主机时间导致告警服务缓存误判，产生磁盘离线虚假告警,draft,,硬件-L3-硬盘离线或不识别,,硬件-020,硬件-020,0.85,False,,案例核心现象为“磁盘离线虚假告警”，虽然根因是时间修改导致的缓存误判，但在故障分类体系中，直接表现为磁盘状态异常（离线）的问题通常归类于硬件层的磁盘离线类别。
2652,44671,【HCI】第三方服务器磁盘槽位故障导致替换磁盘无法被平台识别,draft,,硬件-L3-硬盘离线或不识别,,硬件-020,硬件-020,0.95,False,,案例核心问题是替换磁盘后平台无法识别，且确认为原槽位硬件故障导致连接异常。这属于物理层面的硬盘不识别问题，符合'硬件 > 硬盘 > 硬盘离线或不识别'分类。
2667,44699,【HCI】缓存盘因槽位异常离线，更换槽位后恢复,draft,,硬件-L3-硬盘离线或不识别,,硬件-020,硬件-020,0.95,False,,案例核心为NVMe缓存盘因槽位硬件异常导致离线，更换后恢复，符合单盘离线特征。
2678,44717,【HCI】磁盘扩容时lsblk少识别一块磁盘，重启主机后恢复,draft,,硬件-L3-硬盘离线或不识别,,硬件-020,硬件-020,0.95,False,,案例核心问题是磁盘在物理移动后，操作系统层面（lsblk）无法识别该磁盘，尽管RAID卡已识别。这属于典型的硬盘不识别故障。由于是单块磁盘的问题，匹配'硬盘离线或不识别（单盘）'最为准确。
2696,44749,【HCI】新部署环境中因背板线缆损坏导致slot4槽位磁盘无法识别,draft,,硬件-L3-硬盘离线或不识别,,硬件-020,硬件-020,0.95,False,,案例核心故障现象为'slot4槽位磁盘无法识别'，且确认为背板线缆损坏导致的物理层问题。分类列表中'硬件 > 硬盘 > 硬盘离线或不识别'最匹配此场景。由于仅涉及单个槽位/单块盘的识别问题，故选择'单盘'子类。
2767,44882,【HCI】VN全同步未结束导致虚拟机热迁移任务失败,published,虚拟机-L2-虚拟机集群内或跨集群迁移失败,虚拟机-L2-虚拟机集群内或跨集群迁移失败,虚拟机-066,虚拟机-016,虚拟机-016,0.95,False,,案例标题和描述明确指出是'HCI集群内'的'虚拟机热迁移任务失败'。在超融合架构中，默认的热迁移通常发生在同一虚拟存储池内（同存储），且故障原因涉及VN服务同步导致vslink状态获取失败，属于典型的集群内热迁移流程中断。
2772,44896,【HCI】因集群存储负载差异导致跨集群迁移速率不对称（跨集群迁移速度慢）,published,虚拟机-L2-虚拟机集群内或跨集群迁移失败,虚拟机-L2-虚拟机集群内或跨集群迁移失败,虚拟机-066,虚拟机-017,虚拟机-017,0.85,False,,案例核心为跨集群迁移场景，虽表现为速率慢而非彻底失败，但在现有分类体系中，跨集群迁移性能/效率问题通常归类于迁移相关故障。
